{
  "metadata": {
    "schemaVersion": "1.0",
    "importType": "LEX",
    "importFormat": "JSON"
  },
  "resource": {
    "description": "Determines the level of risk",
    "name": "riskLevel",
    "version": "2",
    "enumerationValues": [
      {
        "value": "High",
        "synonyms": [
          "Very High",
          "A lot",
          "Alot",
          "Max",
          "Max Risk",
          "Maximum",
          "Maximum Risk"
        ]
      },
      {
        "value": "Very Low",
        "synonyms": [
          "Low",
          "Small",
          "Min",
          "Min Risk",
          "Minimum",
          "Minimum Risk",
          "Minimal",
          "Minimal Risk"
        ]
      },
      {
        "value": "Low",
        "synonyms": [
          "Very Low",
          "Small",
          "Min",
          "Minimum",
          "Minimum risk",
          "Min Risk",
          "Minimal",
          "Minimal Risk"
        ]
      },
      {
        "value": "Medium",
        "synonyms": [
          "Some",
          "Some Risk"
        ]
      },
      {
        "value": "Very High",
        "synonyms": [
          "High",
          "Alot",
          "A lot",
          "Max",
          "Max Risk",
          "Maximum",
          "Maximum Risk"
        ]
      },
      {
        "value": "None",
        "synonyms": [
          "Zero",
          "0"
        ]
      }
    ],
    "valueSelectionStrategy": "TOP_RESOLUTION"
  }
}